{"id":682101,"name":"Demo bid 3","description":"Demo description 4","company_id":328709,"campaign_id":"kQgDOZABJECYvNils8HD","amount":56000,"type":{"code":"per_vehicle","description":"Per vehicle"},"status":{"code":"active","description":"Active"},"vehicle_categories":[{"code":"any","description":"Any"}],"only_without_title":true,"vehicle_titles":[],"vehicle_uses":[{"code":"any","description":"Any"}],"is_pre_1981_vehicles_supported":true,"year_range_type":{"code":"specific_range","description":"Specific Range"},"from_year":1950,"to_year":1976,"vehicle_body_styles":["SUV","Truck","Van"],"vehicle_conditions":{"only_that_run_and_drive":false,"only_that_starts":false,"only_with_engine_and_transmission":false,"only_with_all_tires":false,"only_with_no_flat_tires":false,"only_with_little_or_no_exterior_damage":false,"only_with_all_exterior_parts_panels_attached":false,"only_with_mirror_glass_light_in_place_with_no_damage":false,"only_with_interior_parts_in_good_condition":false,"only_with_no_flood_fire_damage":false,"only_with_catalytic_converter":false,"only_with_verifiable_mileage":false},"makes":[{"make":"Datsun","models":[{"model":"125","body_style":"Truck","trims":[]},{"model":"220","body_style":"Truck","trims":[]},{"model":"221","body_style":"Truck","trims":[]},{"model":"222","body_style":"Truck","trims":[]},{"model":"320 Truck","body_style":"Truck","trims":[]},{"model":"520 Truck","body_style":"Truck","trims":[]},{"model":"521 Truck","body_style":"Truck","trims":[]}]},{"make":"GMC","models":[]},{"make":"Honda","models":[]},{"make":"Jeep","models":[{"model":"6-226","body_style":"Truck","trims":[]},{"model":"6-230","body_style":"Truck","trims":[]},{"model":"Cherokee","body_style":"SUV","trims":[]}]},{"make":"Land Rover","models":[{"model":"Range Rover","body_style":"SUV","trims":[]}]},{"make":"Mazda","models":[]},{"make":"Nissan","models":[{"model":"520 Pickup","body_style":"Truck","trims":[]},{"model":"521 Pickup","body_style":"Truck","trims":[]},{"model":"620","body_style":"Truck","trims":[]}]},{"make":"Plymouth","models":[]},{"make":"Studebaker","models":[]},{"make":"Toyota","models":[]},{"make":"Triumph","models":[]}]}